Student ID,Preferred Sections
ST001,English 9;Math 1;Biology;World History;PE;Study Hall
ST002,English 9;Math 1;Biology;World History;PE;Study Hall
ST003,English 9;Math 1;Biology;World History;PE;Study Hall
ST004,English 9;Math 1;Biology;World History;PE;Study Hall
ST005,English 9;Math 1;Biology;World History;PE;Study Hall
ST006,English 9;Math 1;Biology;World History;PE;Study Hall
ST007,English 9;Math 1;Biology;World History;PE;Study Hall
ST008,English 9;Math 1;Biology;World History;PE;Study Hall
ST009,English 9;Math 1;Biology;World History;PE;Study Hall
ST010,English 9;Math 1;Biology;World History;PE;Study Hall
ST011,English 9;Math 1;Biology;World History;PE;Study Hall
ST012,English 9;Math 1;Biology;World History;PE;Study Hall
ST013,English 9;Math 1;Biology;World History;PE;Study Hall
ST014,English 9;Math 1;Biology;World History;PE;Study Hall
ST015,English 9;Math 1;Biology;World History;PE;Study Hall
ST016,English 9;Math 1;Biology;World History;PE;Study Hall
ST017,English 9;Math 1;Biology;World History;PE;Study Hall
ST018,English 9;Math 1;Biology;World History;PE;Study Hall
ST019,English 9;Math 1;Biology;World History;PE;Study Hall
ST020,English 9;Math 1;Biology;World History;PE;Study Hall
ST021,English 9;Math 1;Biology;World History;PE;Study Hall
ST022,English 9;Math 1;Biology;World History;PE;Study Hall
ST023,English 9;Math 1;Biology;World History;PE;Study Hall
ST024,English 9;Math 1;Biology;World History;PE;Study Hall
ST025,English 9;Math 1;Biology;World History;PE;Study Hall
ST026,English 9;Math 1;Biology;World History;PE;Study Hall
ST027,English 9;Math 1;Biology;World History;PE;Study Hall
ST028,English 9;Math 1;Biology;World History;PE;Study Hall
ST029,English 9;Math 1;Biology;World History;PE;Study Hall
ST030,English 9;Math 1;Biology;World History;PE;Study Hall
ST031,English 9;Math 1;Biology;World History;PE;Study Hall
ST032,English 9;Math 1;Biology;World History;PE;Medical Career
ST033,English 9;Math 1;Biology;World History;PE;Study Hall
ST034,English 9;Math 1;Biology;World History;PE;Study Hall
ST035,English 9;Math 1;Biology;World History;PE;Study Hall
ST036,English 9;Math 1;Biology;World History;PE;Study Hall
ST037,English 9;Math 1;Biology;World History;PE;Study Hall
ST038,English 9;Math 1;Biology;World History;PE;Study Hall
ST039,English 9;Math 1;Biology;World History;PE;Study Hall
ST040,English 9;Math 1;Biology;World History;PE;Study Hall
ST041,English 9;Math 1;Biology;World History;PE;Study Hall
ST042,English 9;Math 1;Biology;World History;PE;Study Hall
ST043,English 9;Math 1;Biology;World History;PE;Study Hall
ST044,English 9;Math 1;Biology;World History;PE;Study Hall
ST045,English 9;Math 1;Biology;World History;PE;Study Hall
ST046,English 9;Math 1;Biology;World History;PE;Study Hall
ST047,English 9;Math 1;Biology;World History;PE;Study Hall
ST048,English 9;Math 1;Biology;World History;PE;Study Hall
ST049,English 9;Math 1;Biology;World History;PE;Study Hall
ST050,English 9;Math 1;Biology;World History;PE;Study Hall
ST051,English 9;Math 1;Biology;World History;PE;Study Hall
ST052,English 9;Math 1;Biology;World History;PE;Study Hall
ST053,English 9;Math 1;Biology;World History;PE;Study Hall
ST054,English 9;Math 1;Biology;World History;PE;Study Hall
ST055,English 9;Math 1;Biology;World History;PE;Study Hall
ST056,English 9;Math 1;Biology;World History;PE;Study Hall
ST057,English 9;Math 1;Biology;World History;PE;Study Hall
ST058,English 9;Math 1;Biology;World History;PE;Study Hall
ST059,English 9;Math 1;Biology;World History;PE;Study Hall
ST060,English 9;Math 1;Biology;World History;PE;Study Hall
ST061,English 9;Math 1;Biology;World History;PE;Study Hall
ST062,English 9;Math 1;Biology;World History;PE;Study Hall
ST063,English 9;Math 1;Biology;World History;PE;Study Hall
ST064,English 9;Math 1;Biology;World History;PE;Study Hall
ST065,English 9;Math 1;Biology;World History;PE;Study Hall
ST066,English 9;Math 1;Biology;World History;PE;Study Hall
ST067,English 9;Math 1;Biology;World History;PE;Study Hall
ST068,English 9;Math 1;Biology;World History;PE;Study Hall
ST069,English 9;Math 1;Biology;World History;PE;Study Hall
ST070,English 9;Math 1;Biology;World History;PE;Study Hall
ST071,English 9;Math 1;Biology;World History;PE;Study Hall
ST072,English 9;Math 1;Biology;World History;PE;Study Hall
ST073,English 9;Math 1;Biology;World History;PE;Study Hall
ST074,English 9;Math 1;Biology;World History;PE;Study Hall
ST075,English 9;Math 1;Biology;World History;PE;Study Hall
ST076,English 9;Math 1;Biology;World History;PE;Study Hall
ST077,English 9;Math 1;Biology;World History;PE;Study Hall
ST078,English 9;Math 1;Biology;World History;PE;Study Hall
ST079,English 9;Math 1;Biology;World History;PE;Study Hall
ST080,English 9;Math 1;Biology;World History;PE;Study Hall
ST081,English 9;Math 1;Biology;World History;PE;Study Hall
ST082,English 9;Math 1;Biology;World History;PE;Study Hall
ST083,English 9;Math 1;Biology;World History;PE;Study Hall
ST084,English 9;Math 1;Biology;World History;PE;Study Hall
ST085,English 9;Math 1;Biology;World History;PE;Medical Career
ST086,English 9;Math 1;Biology;World History;PE;Study Hall
ST087,English 9;Math 1;Biology;World History;PE;Study Hall
ST088,English 9;Math 1;Biology;World History;PE;Study Hall
ST089,English 9;Math 1;Biology;World History;PE;Study Hall
ST090,English 9;Math 1;Biology;World History;PE;Study Hall
ST091,English 9;Math 1;Biology;World History;PE;Study Hall
ST092,English 9;Math 1;Biology;World History;PE;Study Hall
ST093,English 9;Math 1;Biology;World History;PE;Study Hall
ST094,English 9;Math 1;Biology;World History;PE;Study Hall
ST095,English 9;Math 1;Biology;World History;PE;Study Hall
ST096,English 9;Math 1;Biology;World History;PE;Study Hall
ST097,English 9;Math 1;Biology;World History;PE;Study Hall
ST098,English 9;Math 1;Biology;World History;PE;Study Hall
ST099,English 9;Math 1;Biology;World History;PE;Study Hall
ST100,English 9;Math 1;Biology;World History;PE;Study Hall
ST101,English 9;Math 1;Biology;World History;PE;Medical Career
ST102,English 9;Math 1;Biology;World History;PE;Study Hall
ST103,English 9;Math 1;Biology;World History;PE;Study Hall
ST104,English 9;Math 1;Biology;World History;PE;Study Hall
ST105,English 9;Math 1;Biology;World History;PE;Study Hall
ST106,English 9;Math 1;Biology;World History;PE;Study Hall
ST107,English 9;Math 1;Biology;World History;PE;Study Hall
ST108,English 9;Math 1;Biology;World History;PE;Study Hall
ST109,English 9;Math 1;Biology;World History;PE;Study Hall
ST110,English 9;Math 1;Biology;World History;PE;Study Hall
ST111,English 9;Math 1;Biology;World History;PE;Study Hall
ST112,English 9;Math 1;Biology;World History;PE;Study Hall
ST113,English 9;Math 1;Biology;World History;PE;Study Hall
ST114,English 9;Math 1;Biology;World History;PE;Study Hall
ST115,English 9;Math 1;Biology;World History;PE;Study Hall
ST116,English 9;Math 1;Biology;World History;PE;Study Hall
ST117,English 9;Math 1;Biology;World History;PE;Study Hall
ST118,English 9;Math 1;Biology;World History;PE;Study Hall
ST119,English 9;Math 1;Biology;World History;PE;Study Hall
ST120,English 9;Math 1;Biology;World History;PE;Study Hall
ST121,English 9;Math 1;Biology;World History;PE;Study Hall
ST122,English 9;Math 1;Biology;World History;PE;Study Hall
ST123,English 9;Math 1;Biology;World History;PE;Study Hall
ST124,English 9;Math 1;Biology;World History;PE;Study Hall
ST125,English 9;Math 1;Biology;World History;PE;Study Hall
ST126,English 10;Math 2;Chemistry;US History;PE;Study Hall
ST127,English 10;Math 2;Chemistry;US History;PE;Study Hall
ST128,English 10;Math 2;Chemistry;US History;PE;Study Hall
ST129,English 10;Math 2;Chemistry;US History;PE;Study Hall
ST130,English 10;Math 2;Chemistry;US History;PE;Study Hall
ST131,English 10;Math 2;Chemistry;US History;PE;Study Hall
ST132,English 10;Math 2;Chemistry;US History;PE;Heroes Teach
ST133,English 10;Math 2;Chemistry;US History;PE;Study Hall
ST134,English 10;Math 2;Chemistry;US History;PE;Study Hall
ST135,English 10;Math 2;Chemistry;US History;PE;Medical Career
ST136,English 10;Math 2;Chemistry;US History;PE;Study Hall
ST137,English 10;Math 2;Chemistry;US History;PE;Study Hall
ST138,English 10;Math 2;Chemistry;US History;PE;Study Hall
ST139,English 10;Math 2;Chemistry;US History;PE;Study Hall
ST140,English 10;Math 2;Chemistry;US History;PE;Study Hall
ST141,English 10;Math 2;Chemistry;US History;PE;Study Hall
ST142,English 10;Math 2;Chemistry;US History;PE;Study Hall
ST143,English 10;Math 2;Chemistry;US History;PE;Study Hall
ST144,English 10;Math 2;Chemistry;US History;PE;Study Hall
ST145,English 10;Math 2;Chemistry;US History;PE;Medical Career
ST146,English 10;Math 2;Chemistry;US History;PE;Study Hall
ST147,English 10;Math 2;Chemistry;US History;PE;Study Hall
ST148,English 10;Math 2;Chemistry;US History;PE;Study Hall
ST149,English 10;Math 2;Chemistry;US History;PE;Study Hall
ST150,English 10;Math 2;Chemistry;US History;PE;Study Hall
ST151,English 10;Math 2;Chemistry;US History;PE;Study Hall
ST152,English 10;Math 2;Chemistry;US History;PE;Study Hall
ST153,English 10;Math 2;Chemistry;US History;PE;Study Hall
ST154,English 10;Math 2;Chemistry;US History;PE;Study Hall
ST155,English 10;Math 2;Chemistry;US History;PE;Study Hall
ST156,English 10;Math 2;Chemistry;US History;PE;Study Hall
ST157,English 10;Math 2;Chemistry;US History;PE;Heroes Teach
ST158,English 10;Math 2;Chemistry;US History;PE;Study Hall
ST159,English 10;Math 2;Chemistry;US History;PE;Study Hall
ST160,English 10;Math 2;Chemistry;US History;PE;Study Hall
ST161,English 10;Math 2;Chemistry;US History;PE;Study Hall
ST162,English 10;Math 2;Chemistry;US History;PE;Study Hall
ST163,English 10;Math 2;Chemistry;US History;PE;Study Hall
ST164,English 10;Math 2;Chemistry;US History;PE;Study Hall
ST165,English 10;Math 2;Chemistry;US History;PE;Study Hall
ST166,English 10;Math 2;Chemistry;US History;PE;Study Hall
ST167,English 10;Math 2;Chemistry;US History;PE;Study Hall
ST168,English 10;Math 2;Chemistry;US History;PE;Study Hall
ST169,English 10;Math 2;Chemistry;US History;PE;Study Hall
ST170,English 10;Math 2;Chemistry;US History;PE;Study Hall
ST171,English 10;Math 2;Chemistry;US History;PE;Study Hall
ST172,English 10;Math 2;Chemistry;US History;PE;Study Hall
ST173,English 10;Math 2;Chemistry;US History;PE;Study Hall
ST174,English 10;Math 2;Chemistry;US History;PE;Study Hall
ST175,English 10;Math 2;Chemistry;US History;PE;Study Hall
ST176,English 10;Math 2;Chemistry;US History;PE;Study Hall
ST177,English 10;Math 2;Chemistry;US History;PE;Study Hall
ST178,English 10;Math 2;Chemistry;US History;PE;Heroes Teach
ST179,English 10;Math 2;Chemistry;US History;PE;Study Hall
ST180,English 10;Math 2;Chemistry;US History;PE;Study Hall
ST181,English 10;Math 2;Chemistry;US History;PE;Study Hall
ST182,English 10;Math 2;Chemistry;US History;PE;Study Hall
ST183,English 10;Math 2;Chemistry;US History;PE;Study Hall
ST184,English 10;Math 2;Chemistry;US History;PE;Study Hall
ST185,English 10;Math 2;Chemistry;US History;PE;Study Hall
ST186,English 10;Math 2;Chemistry;US History;PE;Study Hall
ST187,English 10;Math 2;Chemistry;US History;PE;Study Hall
ST188,English 10;Math 2;Chemistry;US History;PE;Study Hall
ST189,English 10;Math 2;Chemistry;US History;PE;Study Hall
ST190,English 10;Math 2;Chemistry;US History;PE;Study Hall
ST191,English 10;Math 2;Chemistry;US History;PE;Study Hall
ST192,English 10;Math 2;Chemistry;US History;PE;Study Hall
ST193,English 10;Math 2;Chemistry;US History;PE;Medical Career
ST194,English 10;Math 2;Chemistry;US History;PE;Study Hall
ST195,English 10;Math 2;Chemistry;US History;PE;Heroes Teach
ST196,English 10;Math 2;Chemistry;US History;PE;Study Hall
ST197,English 10;Math 2;Chemistry;US History;PE;Study Hall
ST198,English 10;Math 2;Chemistry;US History;PE;Study Hall
ST199,English 10;Math 2;Chemistry;US History;PE;Study Hall
ST200,English 10;Math 2;Chemistry;US History;PE;Study Hall
ST201,English 10;Math 2;Chemistry;US History;PE;Study Hall
ST202,English 10;Math 2;Chemistry;US History;PE;Study Hall
ST203,English 10;Math 2;Chemistry;US History;PE;Study Hall
ST204,English 10;Math 2;Chemistry;US History;PE;Study Hall
ST205,English 10;Math 2;Chemistry;US History;PE;Study Hall
ST206,English 10;Math 2;Chemistry;US History;PE;Study Hall
ST207,English 10;Math 2;Chemistry;US History;PE;Study Hall
ST208,English 10;Math 2;Chemistry;US History;PE;Study Hall
ST209,English 10;Math 2;Chemistry;US History;PE;Study Hall
ST210,English 10;Math 2;Chemistry;US History;PE;Study Hall
ST211,English 10;Math 2;Chemistry;US History;PE;Study Hall
ST212,English 10;Math 2;Chemistry;US History;PE;Study Hall
ST213,English 10;Math 2;Chemistry;US History;PE;Study Hall
ST214,English 10;Math 2;Chemistry;US History;PE;Study Hall
ST215,English 10;Math 2;Chemistry;US History;PE;Study Hall
ST216,English 10;Math 2;Chemistry;US History;PE;Study Hall
ST217,English 10;Math 2;Chemistry;US History;PE;Study Hall
ST218,English 10;Math 2;Chemistry;US History;PE;Study Hall
ST219,English 10;Math 2;Chemistry;US History;PE;Study Hall
ST220,English 10;Math 2;Chemistry;US History;PE;Study Hall
ST221,English 10;Math 2;Chemistry;US History;PE;Study Hall
ST222,English 10;Math 2;Chemistry;US History;PE;Study Hall
ST223,English 10;Math 2;Chemistry;US History;PE;Heroes Teach
ST224,English 10;Math 2;Chemistry;US History;PE;Study Hall
ST225,English 10;Math 2;Chemistry;US History;PE;Study Hall
ST226,English 10;Math 2;Chemistry;US History;PE;Study Hall
ST227,English 10;Math 2;Chemistry;US History;PE;Study Hall
ST228,English 10;Math 2;Chemistry;US History;PE;Study Hall
ST229,English 10;Math 2;Chemistry;US History;PE;Study Hall
ST230,English 10;Math 2;Chemistry;US History;PE;Study Hall
ST231,English 10;Math 2;Chemistry;US History;PE;Study Hall
ST232,English 10;Math 2;Chemistry;US History;PE;Study Hall
ST233,English 10;Math 2;Chemistry;US History;PE;Study Hall
ST234,English 10;Math 2;Chemistry;US History;PE;Study Hall
ST235,English 10;Math 2;Chemistry;US History;PE;Study Hall
ST236,English 10;Math 2;Chemistry;US History;PE;Study Hall
ST237,English 10;Math 2;Chemistry;US History;PE;Study Hall
ST238,English 10;Math 2;Chemistry;US History;PE;Study Hall
ST239,English 10;Math 2;Chemistry;US History;PE;Study Hall
ST240,English 10;Math 2;Chemistry;US History;PE;Heroes Teach
ST241,English 10;Math 2;Chemistry;US History;PE;Study Hall
ST242,English 10;Math 2;Chemistry;US History;PE;Study Hall
ST243,English 10;Math 2;Chemistry;US History;PE;Study Hall
ST244,English 10;Math 2;Chemistry;US History;PE;Study Hall
ST245,English 10;Math 2;Chemistry;US History;PE;Study Hall
ST246,English 10;Math 2;Chemistry;US History;PE;Study Hall
ST247,English 10;Math 2;Chemistry;US History;PE;Study Hall
ST248,English 10;Math 2;Chemistry;US History;PE;Study Hall
ST249,English 10;Math 2;Chemistry;US History;PE;Study Hall
ST250,English 10;Math 2;Chemistry;US History;PE;Study Hall
ST251,English 11;Math 3;Physics;Government;Sports Med;Study Hall
ST252,English 11;Math 3;Physics;Government;Sports Med;Study Hall
ST253,English 11;Math 3;Physics;Government;Sports Med;Study Hall
ST254,English 11;Math 3;Physics;Government;Sports Med;Study Hall
ST255,English 11;Math 3;Physics;Government;Sports Med;Study Hall
ST256,English 11;Math 3;Physics;Government;Sports Med;Study Hall
ST257,English 11;Math 3;Physics;Government;Sports Med;Study Hall
ST258,English 11;Math 3;Physics;Government;Sports Med;Study Hall
ST259,English 11;Math 3;Physics;Government;Sports Med;Study Hall
ST260,English 11;Math 3;Physics;Government;Sports Med;Study Hall
ST261,English 11;Math 3;Physics;Government;Sports Med;Study Hall
ST262,English 11;Math 3;Physics;Government;Sports Med;Study Hall
ST263,English 11;Math 3;Physics;Government;Sports Med;Study Hall
ST264,English 11;Math 3;Physics;Government;Sports Med;Study Hall
ST265,English 11;Math 3;Physics;Government;Sports Med;Study Hall
ST266,English 11;Math 3;Physics;Government;Sports Med;Study Hall
ST267,English 11;Math 3;Physics;Government;Sports Med;Study Hall
ST268,English 11;Math 3;Physics;Government;Sports Med;Study Hall
ST269,English 11;Math 3;Physics;Government;Sports Med;Study Hall
ST270,English 11;Math 3;Physics;Government;Sports Med;Study Hall
ST271,English 11;Math 3;Physics;Government;Sports Med;Study Hall
ST272,English 11;Math 3;Physics;Government;Sports Med;Study Hall
ST273,English 11;Math 3;Physics;Government;Sports Med;Study Hall
ST274,English 11;Math 3;Physics;Government;Sports Med;Study Hall
ST275,English 11;Math 3;Physics;Government;Sports Med;Study Hall
ST276,English 11;Math 3;Physics;Government;Sports Med;Study Hall
ST277,English 11;Math 3;Physics;Government;Sports Med;Study Hall
ST278,English 11;Math 3;Physics;Government;Sports Med;Study Hall
ST279,English 11;Math 3;Physics;Government;Sports Med;Study Hall
ST280,English 11;Math 3;Physics;Government;Sports Med;Study Hall
ST281,English 11;Math 3;Physics;Government;Sports Med;Study Hall
ST282,English 11;Math 3;Physics;Government;Sports Med;Study Hall
ST283,English 11;Math 3;Physics;Government;Sports Med;Study Hall
ST284,English 11;Math 3;Physics;Government;Sports Med;Study Hall
ST285,English 11;Math 3;Physics;Government;Sports Med;Study Hall
ST286,English 11;Math 3;Physics;Government;Sports Med;Study Hall
ST287,English 11;Math 3;Physics;Government;Sports Med;Heroes Teach
ST288,English 11;Math 3;Physics;Government;Sports Med;Study Hall
ST289,English 11;Math 3;Physics;Government;Sports Med;Study Hall
ST290,English 11;Math 3;Physics;Government;Sports Med;Study Hall
ST291,English 11;Math 3;Physics;Government;Sports Med;Study Hall
ST292,English 11;Math 3;Physics;Government;Sports Med;Study Hall
ST293,English 11;Math 3;Physics;Government;Sports Med;Study Hall
ST294,English 11;Math 3;Physics;Government;Sports Med;Study Hall
ST295,English 11;Math 3;Physics;Government;Sports Med;Study Hall
ST296,English 11;Math 3;Physics;Government;Sports Med;Study Hall
ST297,English 11;Math 3;Physics;Government;Sports Med;Study Hall
ST298,English 11;Math 3;Physics;Government;Sports Med;Study Hall
ST299,English 11;Math 3;Physics;Government;Sports Med;Study Hall
ST300,English 11;Math 3;Physics;Government;Sports Med;Study Hall
ST301,English 11;Math 3;Physics;Government;Sports Med;Study Hall
ST302,English 11;Math 3;Physics;Government;Sports Med;Study Hall
ST303,English 11;Math 3;Physics;Government;Sports Med;Study Hall
ST304,English 11;Math 3;Physics;Government;Sports Med;Study Hall
ST305,English 11;Math 3;Physics;Government;Sports Med;Study Hall
ST306,English 11;Math 3;Physics;Government;Sports Med;Study Hall
ST307,English 11;Math 3;Physics;Government;Sports Med;Study Hall
ST308,English 11;Math 3;Physics;Government;Sports Med;Study Hall
ST309,English 11;Math 3;Physics;Government;Sports Med;Study Hall
ST310,English 11;Math 3;Physics;Government;Sports Med;Study Hall
ST311,English 11;Math 3;Physics;Government;Sports Med;Study Hall
ST312,English 11;Math 3;Physics;Government;Sports Med;Study Hall
ST313,English 11;Math 3;Physics;Government;Sports Med;Study Hall
ST314,English 11;Math 3;Physics;Government;Sports Med;Study Hall
ST315,English 11;Math 3;Physics;Government;Sports Med;Study Hall
ST316,English 11;Math 3;Physics;Government;Sports Med;Study Hall
ST317,English 11;Math 3;Physics;Government;Sports Med;Study Hall
ST318,English 11;Math 3;Physics;Government;Sports Med;Study Hall
ST319,English 11;Math 3;Physics;Government;Sports Med;Study Hall
ST320,English 11;Math 3;Physics;Government;Sports Med;Study Hall
ST321,English 11;Math 3;Physics;Government;Sports Med;Study Hall
ST322,English 11;Math 3;Physics;Government;Sports Med;Study Hall
ST323,English 11;Math 3;Physics;Government;Sports Med;Study Hall
ST324,English 11;Math 3;Physics;Government;Sports Med;Study Hall
ST325,English 11;Math 3;Physics;Government;Sports Med;Study Hall
ST326,English 11;Math 3;Physics;Government;Sports Med;Study Hall
ST327,English 11;Math 3;Physics;Government;Sports Med;Study Hall
ST328,English 11;Math 3;Physics;Government;Sports Med;Study Hall
ST329,English 11;Math 3;Physics;Government;Sports Med;Study Hall
ST330,English 11;Math 3;Physics;Government;Sports Med;Study Hall
ST331,English 11;Math 3;Physics;Government;Sports Med;Study Hall
ST332,English 11;Math 3;Physics;Government;Sports Med;Study Hall
ST333,English 11;Math 3;Physics;Government;Sports Med;Study Hall
ST334,English 11;Math 3;Physics;Government;Sports Med;Study Hall
ST335,English 11;Math 3;Physics;Government;Sports Med;Study Hall
ST336,English 11;Math 3;Physics;Government;Sports Med;Study Hall
ST337,English 11;Math 3;Physics;Government;Sports Med;Study Hall
ST338,English 11;Math 3;Physics;Government;Sports Med;Medical Career
ST339,English 11;Math 3;Physics;Government;Sports Med;Study Hall
ST340,English 11;Math 3;Physics;Government;Sports Med;Study Hall
ST341,English 11;Math 3;Physics;Government;Sports Med;Study Hall
ST342,English 11;Math 3;Physics;Government;Sports Med;Study Hall
ST343,English 11;Math 3;Physics;Government;Sports Med;Study Hall
ST344,English 11;Math 3;Physics;Government;Sports Med;Study Hall
ST345,English 11;Math 3;Physics;Government;Sports Med;Study Hall
ST346,English 11;Math 3;Physics;Government;Sports Med;Study Hall
ST347,English 11;Math 3;Physics;Government;Sports Med;Study Hall
ST348,English 11;Math 3;Physics;Government;Sports Med;Study Hall
ST349,English 11;Math 3;Physics;Government;Sports Med;Heroes Teach
ST350,English 11;Math 3;Physics;Government;Sports Med;Study Hall
ST351,English 11;Math 3;Physics;Government;Sports Med;Study Hall
ST352,English 11;Math 3;Physics;Government;Sports Med;Study Hall
ST353,English 11;Math 3;Physics;Government;Sports Med;Study Hall
ST354,English 11;Math 3;Physics;Government;Sports Med;Study Hall
ST355,English 11;Math 3;Physics;Government;Sports Med;Study Hall
ST356,English 11;Math 3;Physics;Government;Sports Med;Study Hall
ST357,English 11;Math 3;Physics;Government;Sports Med;Study Hall
ST358,English 11;Math 3;Physics;Government;Sports Med;Study Hall
ST359,English 11;Math 3;Physics;Government;Sports Med;Study Hall
ST360,English 11;Math 3;Physics;Government;Sports Med;Study Hall
ST361,English 11;Math 3;Physics;Government;Sports Med;Study Hall
ST362,English 11;Math 3;Physics;Government;Sports Med;Study Hall
ST363,English 11;Math 3;Physics;Government;Sports Med;Study Hall
ST364,English 11;Math 3;Physics;Government;Sports Med;Study Hall
ST365,English 11;Math 3;Physics;Government;Sports Med;Study Hall
ST366,English 11;Math 3;Physics;Government;Sports Med;Study Hall
ST367,English 11;Math 3;Physics;Government;Sports Med;Study Hall
ST368,English 11;Math 3;Physics;Government;Sports Med;Study Hall
ST369,English 11;Math 3;Physics;Government;Sports Med;Study Hall
ST370,English 11;Math 3;Physics;Government;Sports Med;Study Hall
ST371,English 11;Math 3;Physics;Government;Sports Med;Study Hall
ST372,English 11;Math 3;Physics;Government;Sports Med;Medical Career
ST373,English 11;Math 3;Physics;Government;Sports Med;Study Hall
ST374,English 11;Math 3;Physics;Government;Sports Med;Study Hall
ST375,English 11;Math 3;Physics;Government;Sports Med;Study Hall
ST376,English 12;Math 4;AP Biology;Economics;Sports Med;Medical Career
ST377,English 12;Math 4;AP Biology;Economics;Sports Med;Study Hall
ST378,English 12;Math 4;AP Biology;Economics;Sports Med;Study Hall
ST379,English 12;Math 4;AP Biology;Economics;Sports Med;Study Hall
ST380,English 12;Math 4;AP Biology;Economics;Sports Med;Study Hall
ST381,English 12;Math 4;AP Biology;Economics;Sports Med;Study Hall
ST382,English 12;Math 4;AP Biology;Economics;Sports Med;Study Hall
ST383,English 12;Math 4;AP Biology;Economics;Sports Med;Study Hall
ST384,English 12;Math 4;AP Biology;Economics;Sports Med;Study Hall
ST385,English 12;Math 4;AP Biology;Economics;Sports Med;Medical Career
ST386,English 12;Math 4;AP Biology;Economics;Sports Med;Study Hall
ST387,English 12;Math 4;AP Biology;Economics;Sports Med;Study Hall
ST388,English 12;Math 4;AP Biology;Economics;Sports Med;Study Hall
ST389,English 12;Math 4;AP Biology;Economics;Sports Med;Study Hall
ST390,English 12;Math 4;AP Biology;Economics;Sports Med;Study Hall
ST391,English 12;Math 4;AP Biology;Economics;Sports Med;Study Hall
ST392,English 12;Math 4;AP Biology;Economics;Sports Med;Study Hall
ST393,English 12;Math 4;AP Biology;Economics;Sports Med;Heroes Teach
ST394,English 12;Math 4;AP Biology;Economics;Sports Med;Heroes Teach
ST395,English 12;Math 4;AP Biology;Economics;Sports Med;Study Hall
ST396,English 12;Math 4;AP Biology;Economics;Sports Med;Study Hall
ST397,English 12;Math 4;AP Biology;Economics;Sports Med;Study Hall
ST398,English 12;Math 4;AP Biology;Economics;Sports Med;Study Hall
ST399,English 12;Math 4;AP Biology;Economics;Sports Med;Study Hall
ST400,English 12;Math 4;AP Biology;Economics;Sports Med;Study Hall
ST401,English 12;Math 4;AP Biology;Economics;Sports Med;Study Hall
ST402,English 12;Math 4;AP Biology;Economics;Sports Med;Study Hall
ST403,English 12;Math 4;AP Biology;Economics;Sports Med;Study Hall
ST404,English 12;Math 4;AP Biology;Economics;Sports Med;Study Hall
ST405,English 12;Math 4;AP Biology;Economics;Sports Med;Study Hall
ST406,English 12;Math 4;AP Biology;Economics;Sports Med;Study Hall
ST407,English 12;Math 4;AP Biology;Economics;Sports Med;Study Hall
ST408,English 12;Math 4;AP Biology;Economics;Sports Med;Study Hall
ST409,English 12;Math 4;AP Biology;Economics;Sports Med;Study Hall
ST410,English 12;Math 4;AP Biology;Economics;Sports Med;Study Hall
ST411,English 12;Math 4;AP Biology;Economics;Sports Med;Study Hall
ST412,English 12;Math 4;AP Biology;Economics;Sports Med;Study Hall
ST413,English 12;Math 4;AP Biology;Economics;Sports Med;Study Hall
ST414,English 12;Math 4;AP Biology;Economics;Sports Med;Study Hall
ST415,English 12;Math 4;AP Biology;Economics;Sports Med;Study Hall
ST416,English 12;Math 4;AP Biology;Economics;Sports Med;Study Hall
ST417,English 12;Math 4;AP Biology;Economics;Sports Med;Study Hall
ST418,English 12;Math 4;AP Biology;Economics;Sports Med;Study Hall
ST419,English 12;Math 4;AP Biology;Economics;Sports Med;Study Hall
ST420,English 12;Math 4;AP Biology;Economics;Sports Med;Study Hall
ST421,English 12;Math 4;AP Biology;Economics;Sports Med;Study Hall
ST422,English 12;Math 4;AP Biology;Economics;Sports Med;Study Hall
ST423,English 12;Math 4;AP Biology;Economics;Sports Med;Study Hall
ST424,English 12;Math 4;AP Biology;Economics;Sports Med;Study Hall
ST425,English 12;Math 4;AP Biology;Economics;Sports Med;Study Hall
ST426,English 12;Math 4;AP Biology;Economics;Sports Med;Study Hall
ST427,English 12;Math 4;AP Biology;Economics;Sports Med;Study Hall
ST428,English 12;Math 4;AP Biology;Economics;Sports Med;Medical Career
ST429,English 12;Math 4;AP Biology;Economics;Sports Med;Study Hall
ST430,English 12;Math 4;AP Biology;Economics;Sports Med;Study Hall
ST431,English 12;Math 4;AP Biology;Economics;Sports Med;Study Hall
ST432,English 12;Math 4;AP Biology;Economics;Sports Med;Study Hall
ST433,English 12;Math 4;AP Biology;Economics;Sports Med;Study Hall
ST434,English 12;Math 4;AP Biology;Economics;Sports Med;Study Hall
ST435,English 12;Math 4;AP Biology;Economics;Sports Med;Study Hall
ST436,English 12;Math 4;AP Biology;Economics;Sports Med;Study Hall
ST437,English 12;Math 4;AP Biology;Economics;Sports Med;Study Hall
ST438,English 12;Math 4;AP Biology;Economics;Sports Med;Study Hall
ST439,English 12;Math 4;AP Biology;Economics;Sports Med;Study Hall
ST440,English 12;Math 4;AP Biology;Economics;Sports Med;Study Hall
ST441,English 12;Math 4;AP Biology;Economics;Sports Med;Study Hall
ST442,English 12;Math 4;AP Biology;Economics;Sports Med;Study Hall
ST443,English 12;Math 4;AP Biology;Economics;Sports Med;Study Hall
ST444,English 12;Math 4;AP Biology;Economics;Sports Med;Study Hall
ST445,English 12;Math 4;AP Biology;Economics;Sports Med;Study Hall
ST446,English 12;Math 4;AP Biology;Economics;Sports Med;Study Hall
ST447,English 12;Math 4;AP Biology;Economics;Sports Med;Study Hall
ST448,English 12;Math 4;AP Biology;Economics;Sports Med;Study Hall
ST449,English 12;Math 4;AP Biology;Economics;Sports Med;Study Hall
ST450,English 12;Math 4;AP Biology;Economics;Sports Med;Study Hall
ST451,English 12;Math 4;AP Biology;Economics;Sports Med;Study Hall
ST452,English 12;Math 4;AP Biology;Economics;Sports Med;Study Hall
ST453,English 12;Math 4;AP Biology;Economics;Sports Med;Study Hall
ST454,English 12;Math 4;AP Biology;Economics;Sports Med;Study Hall
ST455,English 12;Math 4;AP Biology;Economics;Sports Med;Study Hall
ST456,English 12;Math 4;AP Biology;Economics;Sports Med;Study Hall
ST457,English 12;Math 4;AP Biology;Economics;Sports Med;Study Hall
ST458,English 12;Math 4;AP Biology;Economics;Sports Med;Study Hall
ST459,English 12;Math 4;AP Biology;Economics;Sports Med;Study Hall
ST460,English 12;Math 4;AP Biology;Economics;Sports Med;Study Hall
ST461,English 12;Math 4;AP Biology;Economics;Sports Med;Study Hall
ST462,English 12;Math 4;AP Biology;Economics;Sports Med;Study Hall
ST463,English 12;Math 4;AP Biology;Economics;Sports Med;Study Hall
ST464,English 12;Math 4;AP Biology;Economics;Sports Med;Study Hall
ST465,English 12;Math 4;AP Biology;Economics;Sports Med;Study Hall
ST466,English 12;Math 4;AP Biology;Economics;Sports Med;Study Hall
ST467,English 12;Math 4;AP Biology;Economics;Sports Med;Study Hall
ST468,English 12;Math 4;AP Biology;Economics;Sports Med;Study Hall
ST469,English 12;Math 4;AP Biology;Economics;Sports Med;Study Hall
ST470,English 12;Math 4;AP Biology;Economics;Sports Med;Study Hall
ST471,English 12;Math 4;AP Biology;Economics;Sports Med;Study Hall
ST472,English 12;Math 4;AP Biology;Economics;Sports Med;Study Hall
ST473,English 12;Math 4;AP Biology;Economics;Sports Med;Study Hall
ST474,English 12;Math 4;AP Biology;Economics;Sports Med;Study Hall
ST475,English 12;Math 4;AP Biology;Economics;Sports Med;Study Hall
ST476,English 12;Math 4;AP Biology;Economics;Sports Med;Study Hall
ST477,English 12;Math 4;AP Biology;Economics;Sports Med;Study Hall
ST478,English 12;Math 4;AP Biology;Economics;Sports Med;Study Hall
ST479,English 12;Math 4;AP Biology;Economics;Sports Med;Study Hall
ST480,English 12;Math 4;AP Biology;Economics;Sports Med;Study Hall
ST481,English 12;Math 4;AP Biology;Economics;Sports Med;Study Hall
ST482,English 12;Math 4;AP Biology;Economics;Sports Med;Study Hall
ST483,English 12;Math 4;AP Biology;Economics;Sports Med;Study Hall
ST484,English 12;Math 4;AP Biology;Economics;Sports Med;Study Hall
ST485,English 12;Math 4;AP Biology;Economics;Sports Med;Study Hall
ST486,English 12;Math 4;AP Biology;Economics;Sports Med;Study Hall
ST487,English 12;Math 4;AP Biology;Economics;Sports Med;Study Hall
ST488,English 12;Math 4;AP Biology;Economics;Sports Med;Medical Career
ST489,English 12;Math 4;AP Biology;Economics;Sports Med;Study Hall
ST490,English 12;Math 4;AP Biology;Economics;Sports Med;Study Hall
ST491,English 12;Math 4;AP Biology;Economics;Sports Med;Study Hall
ST492,English 12;Math 4;AP Biology;Economics;Sports Med;Study Hall
ST493,English 12;Math 4;AP Biology;Economics;Sports Med;Study Hall
ST494,English 12;Math 4;AP Biology;Economics;Sports Med;Study Hall
ST495,English 12;Math 4;AP Biology;Economics;Sports Med;Study Hall
ST496,English 12;Math 4;AP Biology;Economics;Sports Med;Study Hall
ST497,English 12;Math 4;AP Biology;Economics;Sports Med;Study Hall
ST498,English 12;Math 4;AP Biology;Economics;Sports Med;Study Hall
ST499,English 12;Math 4;AP Biology;Economics;Sports Med;Study Hall
ST500,English 12;Math 4;AP Biology;Economics;Sports Med;Study Hall
